Data Medicao,PRECIPITACAO TOTAL; DIARIO (AUT)(mm),TEMPERATURA MEDIA; DIARIA (AUT)(Â°C),UMIDADE RELATIVA DO AR; MEDIA DIARIA (AUT)(%),has_Foco
01/01,0.0,29.841667,52.916667,0
02/01,0.0,30.4,46.75,0
03/01,0.0,30.733333,42.125,1
04/01,1.4,26.766667,74.416667,0
05/01,75.0,24.416667,87.25,0
06/01,27.0,22.366667,96.041667,0
07/01,9.8,24.0625,87.666667,0
08/01,19.6,22.675,97.208333,0
09/01,10.2,25.216667,79.916667,0
10/01,2.6,25.733333,78.458333,0
11/01,3.6,26.066667,73.958333,0
12/01,0.0,27.058333,71.5,0
13/01,0.0,26.058333,76.291667,0
14/01,9.4,24.833333,82.75,0
15/01,24.8,25.4,82.041667,0
16/01,0.0,26.254167,82.25,0
17/01,29.2,24.545833,85.666667,0
18/01,16.2,24.075,86.125,0
19/01,46.6,23.3625,94.458333,0
20/01,65.0,22.641667,96.666667,0
21/01,33.4,23.058333,96.0,0
22/01,20.4,23.716667,94.833333,0
23/01,84.6,23.725,94.708333,0
24/01,4.8,24.279167,93.708333,0
25/01,17.6,24.966667,90.333333,0
26/01,45.0,24.716667,88.833333,0
27/01,29.2,24.533333,87.708333,0
28/01,4.6,25.304167,83.75,0
29/01,11.6,25.6625,74.166667,0
30/01,0.0,25.629167,70.708333,0
31/01,0.0,25.095833,72.0,0
01/02,0.0,25.833333,72.916667,0
02/02,0.0,25.770833,69.291667,0
03/02,0.0,25.320833,74.958333,0
04/02,0.0,25.666667,76.125,0
05/02,0.0,25.933333,73.166667,0
06/02,0.0,26.0875,67.541667,0
07/02,0.0,25.841667,70.333333,0
08/02,0.0,25.683333,67.375,0
09/02,0.0,26.2875,64.958333,0
10/02,0.0,25.558333,67.166667,0
11/02,0.0,27.004167,66.333333,0
12/02,0.0,27.991667,63.583333,0
13/02,0.0,27.25,68.625,0
14/02,0.0,26.5125,70.458333,0
15/02,0.0,26.579167,68.25,0
16/02,0.0,26.995833,65.875,0
17/02,0.0,26.220833,62.916667,0
18/02,0.0,25.391667,65.125,0
19/02,0.0,26.779167,66.0,0
20/02,0.0,26.120833,72.583333,0
21/02,0.0,26.641667,66.458333,0
22/02,0.0,26.854167,65.458333,0
23/02,0.0,25.8125,68.291667,0
24/02,0.0,27.075,63.25,0
25/02,0.0,26.854167,65.041667,0
26/02,0.0,26.395833000000003,67.416667,0
27/02,0.0,26.141667,71.291667,0
28/02,0.0,26.754167,64.583333,0
29/02,0.0,26.375,68.291667,0
01/03,0.0,26.5125,68.958333,0
02/03,0.0,26.175,69.083333,0
03/03,0.0,26.516667,65.916667,0
04/03,0.0,27.458333000000003,65.666667,0
05/03,0.0,26.6375,71.541667,0
06/03,0.4,26.795833,71.5,0
07/03,0.0,26.829167,66.166667,0
08/03,0.0,26.116667,65.791667,0
09/03,0.0,26.3,66.083333,0
10/03,0.2,26.854167,67.0,0
11/03,0.0,26.9625,64.375,0
12/03,0.0,26.229167,67.875,0
13/03,0.0,27.625,63.0,0
14/03,0.0,26.091667,69.833333,0
15/03,1.2,24.920833,75.625,0
16/03,0.6,26.1625,68.041667,0
17/03,0.0,26.383333,65.458333,0
18/03,0.2,26.370833,67.5,0
19/03,0.0,26.908333,68.208333,0
20/03,0.0,26.958333000000003,69.541667,0
21/03,0.0,27.125,60.666667,0
22/03,0.0,27.145833000000003,62.541667,0
23/03,0.0,26.916667,65.458333,0
24/03,0.0,27.495833,67.291667,0
25/03,0.0,26.620833,65.958333,0
26/03,0.0,26.7875,65.0,0
27/03,3.6,25.791667,78.291667,0
28/03,1.2,26.408333,71.041667,0
29/03,1.2,26.266667,73.25,0
30/03,14.2,25.825,77.166667,0
31/03,0.0,25.358333,73.416667,0
01/04,0.0,25.3625,75.083333,0
02/04,0.0,25.108333,72.166667,0
03/04,0.0,24.620833,79.583333,0
04/04,0.0,26.591667,71.583333,0
05/04,0.0,27.4875,66.416667,0
06/04,0.2,27.691667,62.541667,0
07/04,0.0,26.9375,64.833333,0
08/04,0.0,26.8875,65.958333,1
09/04,0.0,27.829167,62.875,0
10/04,1.6,26.416667,71.166667,0
11/04,0.0,25.9625,65.541667,0
12/04,0.0,25.216667,76.083333,0
13/04,11.4,23.95,83.541667,0
14/04,0.0,23.708333,76.041667,0
15/04,0.4,23.3,80.875,0
16/04,0.0,26.216667,65.208333,0
17/04,0.0,25.345833,70.333333,0
18/04,0.2,25.258333,69.5,0
19/04,0.0,23.745833,76.583333,0
20/04,0.2,23.266667,78.375,0
21/04,0.0,24.441667,71.208333,0
22/04,0.0,25.283333,63.958333,0
23/04,0.0,25.066667,61.375,0
24/04,0.0,25.329167,65.791667,0
25/04,0.2,26.225,63.166667,0
26/04,0.0,25.383333,63.75,0
27/04,0.0,24.933333,64.458333,0
28/04,0.0,25.4,66.416667,0
29/04,0.0,25.5375,63.041667,0
30/04,0.0,26.4,64.458333,0
01/05,0.0,27.058333,64.0,1
02/05,0.0,26.4375,65.625,0
03/05,0.0,24.441667,73.708333,0
04/05,1.4,23.695833,77.416667,0
05/05,0.0,25.6625,70.208333,0
06/05,0.0,26.154167,61.416667,0
07/05,0.0,25.0625,70.541667,0
08/05,3.6,22.925,85.208333,0
09/05,0.2,24.2625,69.875,0
10/05,0.0,23.583333,68.375,0
11/05,0.0,24.6375,69.041667,1
12/05,0.0,24.379167,69.541667,0
13/05,0.0,23.9375,69.375,0
14/05,0.0,25.333333,68.041667,0
15/05,0.0,25.291667,69.333333,0
16/05,1.2,24.041667,78.791667,0
17/05,0.0,24.375,74.75,0
18/05,0.0,25.166667,68.916667,0
19/05,0.0,24.375,70.0,0
20/05,0.0,24.116667,70.916667,0
21/05,0.0,23.545833,73.083333,0
22/05,0.0,24.833333,67.958333,1
23/05,0.0,25.745833,62.0,0
24/05,0.0,25.5125,65.583333,0
25/05,2.6,22.7625,84.75,0
26/05,0.0,23.025,76.333333,0
27/05,0.0,23.620833,67.333333,0
28/05,0.0,23.6,66.583333,0
29/05,0.0,24.504167,69.5,0
30/05,0.0,24.2375,73.541667,0
31/05,0.0,25.025,69.875,0
01/06,0.0,25.470833,64.791667,0
02/06,0.0,23.633333,63.208333,0
03/06,0.0,24.2875,60.125,0
04/06,0.0,26.291667,57.916667,0
05/06,0.0,25.395833,63.625,0
06/06,0.0,25.941667,65.375,0
07/06,0.0,25.866667,62.166667,0
08/06,0.0,26.954167,55.833333,0
09/06,0.0,26.441667,59.208333,1
10/06,0.0,25.3375,64.333333,0
11/06,0.0,25.420833,64.875,0
12/06,0.0,24.595833,68.125,1
13/06,0.0,24.308333,67.541667,0
14/06,3.8,21.091667,82.041667,0
15/06,0.0,21.533333,74.5,0
16/06,0.0,22.954167,64.083333,1
17/06,0.0,22.6,62.166667,0
18/06,0.0,22.995833,68.041667,0
19/06,0.0,22.7875,75.166667,0
20/06,2.2,22.345833,80.708333,0
21/06,1.0,23.025,69.541667,0
22/06,0.0,22.783333,62.75,0
23/06,0.0,23.370833,65.916667,0
24/06,0.0,22.716667,59.125,0
25/06,0.4,21.6625,72.416667,0
26/06,3.0,21.033333,77.958333,0
27/06,0.0,21.883333,67.166667,0
28/06,3.4,20.616667,85.5,0
29/06,3.0,21.433333,80.666667,0
30/06,3.4,20.954167,87.166667,0
01/07,6.6,21.975,77.041667,0
02/07,0.0,22.729167,65.708333,0
03/07,0.2,21.483333,75.125,0
04/07,1.6,21.104167,87.208333,0
05/07,1.0,20.729167,87.666667,0
06/07,9.6,21.329167,80.375,0
07/07,0.0,21.645833,76.333333,0
08/07,0.0,22.970833,67.583333,0
09/07,0.0,22.0375,73.583333,0
10/07,3.2,21.4125,85.375,0
11/07,0.0,23.158333,70.375,0
12/07,0.0,22.720833,68.416667,0
13/07,0.0,21.641667,72.125,0
14/07,0.0,22.666667,66.833333,0
15/07,0.0,22.875,65.833333,0
16/07,0.0,21.841667,63.708333,0
17/07,0.0,22.4,66.166667,0
18/07,0.0,23.841667,56.166667,1
19/07,0.0,23.391667,61.916667,0
20/07,0.0,23.9875,67.333333,0
21/07,0.0,24.1125,64.416667,0
22/07,0.0,23.870833,62.375,0
23/07,0.0,22.591667,67.25,0
24/07,0.6,22.0875,77.625,0
25/07,0.4,20.9125,83.083333,0
26/07,9.4,20.708333,86.166667,0
27/07,2.0,20.354167,78.791667,0
28/07,0.0,22.183333,69.125,0
29/07,0.0,23.216667,61.083333,0
30/07,0.0,21.754167,66.125,0
31/07,0.4,20.5125,73.333333,0
01/08,0.2,21.2625,69.25,0
02/08,1.0,22.1375,76.25,0
03/08,0.0,22.479167,74.333333,0
04/08,2.8,22.308333,71.625,0
05/08,0.0,21.3625,73.375,0
06/08,4.6,21.075,86.375,0
07/08,0.4,22.7375,71.208333,0
08/08,0.0,22.679167,65.125,0
09/08,0.0,22.620833,64.333333,0
10/08,0.0,22.5375,63.666667,0
11/08,0.0,24.35,60.916667,0
12/08,0.0,23.3,66.458333,0
13/08,0.0,23.770833,60.208333,0
14/08,0.0,24.095833,62.5,0
15/08,0.0,23.945833,62.0,0
16/08,0.0,24.341667,59.541667,0
17/08,0.0,25.370833,59.333333,0
18/08,0.0,25.991667,59.083333,0
19/08,0.0,25.145833,62.458333,0
20/08,0.0,24.241667,61.666667,0
21/08,0.0,25.258333,57.083333,0
22/08,0.0,25.741667,49.875,0
23/08,0.0,24.566667,65.5,0
24/08,2.8,21.570833,88.25,0
25/08,69.8,21.033333,83.083333,0
26/08,0.0,23.479167,67.291667,0
27/08,0.6,21.654167,87.458333,0
28/08,40.6,21.108333,81.583333,0
29/08,0.0,22.491667,75.125,0
30/08,1.4,23.55,76.916667,0
31/08,0.0,23.420833,70.916667,0
01/09,0.0,23.366667,67.333333,0
02/09,0.0,22.683333,74.0,0
03/09,2.6,21.283333,81.041667,0
04/09,3.8,22.754167,71.5,0
05/09,3.4,21.1375,88.0,0
06/09,2.4,22.754167,71.125,0
07/09,0.0,23.333333,68.0,0
08/09,0.0,23.079167,70.75,0
09/09,0.0,23.870833,61.625,0
10/09,0.0,23.45,62.625,0
11/09,0.0,23.104167,66.083333,0
12/09,0.0,24.466667,60.291667,0
13/09,0.0,24.0375,61.583333,0
14/09,0.0,23.279167,63.375,0
15/09,0.0,24.370833,65.833333,0
16/09,0.0,23.329167,70.166667,0
17/09,0.0,25.191667,64.25,0
18/09,0.6,24.429167,67.333333,0
19/09,0.0,24.191667,59.541667,0
20/09,0.0,23.866667,62.208333,0
21/09,0.0,25.654167,59.125,0
22/09,0.0,24.1625,76.125,0
23/09,7.8,23.033333,79.916667,0
24/09,0.0,23.791667,75.291667,0
25/09,0.2,25.133333,67.333333,1
26/09,0.0,23.225,82.291667,0
27/09,7.0,21.470833,94.166667,0
28/09,2.6,23.4625,82.958333,0
29/09,0.0,25.075,69.791667,0
30/09,0.0,25.0375,69.291667,0
01/10,0.2,24.966667,73.708333,0
02/10,0.2,25.941667,66.833333,0
03/10,1.4,23.470833,78.625,0
04/10,0.8,25.55,67.583333,0
05/10,0.0,26.104167,65.375,0
06/10,2.4,24.583333,83.875,0
07/10,20.6,24.845833,82.083333,0
08/10,16.2,23.870833,86.791667,0
09/10,102.8,23.033333,89.125,0
10/10,0.4,24.716667,70.666667,0
11/10,1.0,23.083333,80.25,0
12/10,0.8,22.341667,83.375,0
13/10,9.2,22.054167,86.5,0
14/10,2.0,23.891667,74.0,0
15/10,0.0,24.629167,65.208333,0
16/10,0.0,24.491667,64.208333,0
17/10,2.2,24.75,68.083333,0
18/10,0.0,25.145833,67.75,0
19/10,0.0,24.908333,69.375,0
20/10,0.0,24.6125,69.541667,0
21/10,0.0,23.716667,72.75,0
22/10,0.0,25.433333,65.916667,0
23/10,0.6,26.1375,61.541667,0
24/10,0.0,25.579167,57.583333,0
25/10,0.0,25.575,62.583333,0
26/10,0.0,25.570833,61.333333,0
27/10,0.0,25.783333,59.208333,0
28/10,0.0,26.783333,60.708333,0
29/10,0.0,25.8125,65.583333,0
30/10,0.0,26.104167,60.416667,0
31/10,4.8,26.320833,62.208333,0
01/11,0.0,25.879167,58.625,0
02/11,0.0,26.758333,56.958333,0
03/11,0.0,25.8125,56.666667,0
04/11,0.0,26.470833,54.625,0
05/11,0.0,23.104167,81.208333,0
06/11,9.8,24.675,70.375,0
07/11,4.4,23.729167,76.416667,0
08/11,1.0,24.733333,69.5,0
09/11,0.0,25.075,70.25,0
10/11,0.2,25.183333,71.666667,0
11/11,0.0,24.633333,74.5,0
12/11,0.0,24.0,70.125,0
13/11,0.0,24.0,71.0,0
14/11,0.2,24.0,71.0,0
15/11,0.0,24.0,71.0,0
16/11,5.0,24.0,71.0,0
17/11,1.4,24.0,71.0,0
18/11,0.0,24.0,71.0,0
19/11,0.0,24.0,71.0,0
20/11,0.0,24.0,71.0,0
21/11,0.0,24.0,71.0,0
22/11,0.4,24.0,65.833333,0
23/11,0.0,24.0,64.846154,0
24/11,0.0,24.0,52.25,0
25/11,0.0,24.0,45.583333,0
26/11,0.0,24.0,49.692308,0
27/11,0.0,24.0,47.357143,0
28/11,0.0,24.0,47.833333,0
29/11,0.0,24.0,44.0,0
30/11,0.0,24.0,45.416667,0
01/12,0.0,24.0,48.230769,0
02/12,0.0,24.0,46.6,0
03/12,0.0,24.0,56.461538,0
04/12,0.0,24.0,58.230769,0
05/12,0.0,24.0,54.066667,0
06/12,0.6,24.0,57.928571,0
07/12,0.0,24.0,60.0,0
08/12,7.4,24.0,62.0,0
09/12,0.4,24.0,61.6875,0
10/12,0.0,24.0,58.833333,0
11/12,0.0,24.0,60.421053,0
12/12,0.0,24.0,65.26315799999999,0
13/12,0.2,24.0,72.368421,0
14/12,0.0,24.0,51.25,0
15/12,0.0,24.0,52.6,0
16/12,0.0,24.0,53.77777800000001,0
17/12,0.0,24.0,56.411765,0
18/12,3.2,25.763636,65.409091,0
19/12,0.0,26.254167,58.958333,0
20/12,0.0,25.3875,66.083333,0
21/12,0.0,26.875,54.208333,0
22/12,0.6,25.495833,68.958333,0
23/12,1.2,25.7,67.0,0
24/12,1.4,25.333333,72.583333,0
25/12,0.0,26.858333,58.25,0
26/12,0.0,26.9,59.875,0
27/12,0.2,27.395833000000003,60.625,0
28/12,0.4,26.675,59.541667,0
29/12,0.0,26.3375,61.666667,0
30/12,0.0,26.704167,59.166667,0
31/12,0.0,27.858333,52.375,0
01/01,0.0,27.366667,55.166667,0
02/01,0.0,28.158333,53.458333,0
03/01,0.0,28.733333,51.416667,0
04/01,0.0,27.333333000000003,57.333333,0
05/01,0.0,28.166667,53.583333,0
06/01,0.0,27.25,54.416667,0
07/01,0.4,27.233333,53.875,0
08/01,0.0,27.4625,49.958333,0
09/01,0.0,27.833333000000003,51.291667,0
10/01,0.0,24.0,71.0,0
11/01,0.0,24.0,71.0,0
12/01,0.0,24.0,71.0,0
13/01,0.0,24.0,71.0,0
14/01,0.0,24.0,71.0,0
15/01,0.0,24.0,71.0,0
16/01,0.0,24.0,71.0,0
17/01,0.0,24.0,71.0,0
18/01,0.0,24.0,71.0,0
19/01,0.0,24.0,71.0,0
20/01,0.0,24.0,71.0,0
21/01,0.0,24.0,71.0,0
22/01,0.0,24.0,71.0,0
23/01,0.0,24.0,71.0,0
24/01,0.0,24.0,71.0,0
25/01,0.0,24.0,71.0,0
26/01,0.0,24.0,71.0,0
27/01,0.0,24.0,71.0,0
28/01,0.0,24.0,71.0,0
29/01,0.0,24.0,71.0,0
30/01,0.0,24.0,71.0,0
31/01,0.0,24.0,71.0,0
01/02,0.0,24.0,71.0,0
02/02,0.0,24.0,71.0,0
03/02,0.0,24.0,71.0,0
04/02,0.0,24.0,71.0,0
05/02,0.0,24.0,71.0,0
06/02,0.0,24.0,71.0,0
07/02,0.0,24.0,71.0,0
08/02,0.0,24.0,71.0,0
09/02,0.0,24.0,71.0,0
10/02,0.0,24.0,71.0,0
11/02,0.0,24.0,71.0,0
12/02,0.0,24.0,71.0,0
13/02,0.0,24.0,71.0,0
14/02,3.2,24.0,71.0,0
15/02,0.0,24.0,71.0,0
16/02,0.0,24.0,71.0,0
17/02,0.0,24.0,71.0,0
18/02,0.0,24.0,71.0,0
19/02,0.0,24.0,71.0,0
20/02,0.0,24.0,71.0,0
21/02,0.0,24.0,71.0,0
22/02,2.8,25.7375,70.666667,0
23/02,0.8,26.591667,62.5,0
24/02,0.0,26.0875,65.541667,0
25/02,0.0,27.204167,60.541667,0
26/02,0.4,26.816667,63.541667,0
27/02,0.0,28.0125,52.958333,0
28/02,0.0,28.65,59.166667,0
01/03,1.0,26.8125,69.875,0
02/03,1.0,27.770833000000003,61.916667,0
03/03,0.0,27.9625,51.333333,0
04/03,0.0,27.875,51.5,0
05/03,0.0,27.675,53.0,0
06/03,0.0,27.904167,53.25,0
07/03,0.0,27.85,53.916667,0
08/03,0.0,27.591667,54.166667,0
09/03,0.0,25.879167,54.583333,0
10/03,0.0,27.495833,52.5,0
11/03,0.0,26.483333,61.791667,0
12/03,0.0,26.879167,60.416667,0
13/03,0.0,27.783333,54.833333,0
14/03,0.0,27.808333,54.083333,0
15/03,0.0,26.9625,58.208333,0
16/03,0.0,24.966667,71.875,0
17/03,1.0,26.520833000000003,70.583333,0
18/03,0.4,26.179167,71.916667,0
19/03,14.8,26.225,77.916667,0
20/03,0.6,27.083333000000003,63.166667,0
21/03,0.0,27.266667,59.458333,0
22/03,0.0,27.4125,60.666667,0
23/03,0.0,28.0,57.375,0
24/03,0.0,26.804167,58.291667,0
25/03,0.0,27.054167,59.041667,0
26/03,0.0,28.095833,57.833333,0
27/03,0.0,28.783333,53.916667,0
28/03,0.0,29.504167,52.0,0
29/03,34.8,24.695833,82.875,0
30/03,10.8,23.8,90.458333,0
31/03,24.2,24.25,88.208333,0
01/04,19.2,22.504167,92.833333,0
02/04,15.2,22.316667,92.541667,0
03/04,0.8,24.2375,84.583333,0
04/04,49.6,24.0875,83.416667,0
05/04,0.2,25.383333,75.25,0
06/04,0.0,25.058333,75.5,0
07/04,0.0,25.7125,64.625,0
08/04,0.0,25.05,70.166667,0
09/04,0.6,25.620833,70.083333,0
10/04,0.0,25.679167,65.541667,0
11/04,0.0,26.225,64.541667,0
12/04,0.0,27.170833,63.458333,1
13/04,0.0,26.308333,68.291667,1
14/04,0.0,25.9625,69.291667,0
15/04,0.0,26.2875,64.666667,0
16/04,0.0,26.258333,63.083333,0
17/04,0.0,26.395833000000003,67.916667,0
18/04,0.0,26.920833,65.916667,0
19/04,0.0,26.170833,63.791667,0
20/04,0.0,23.733333,77.208333,0
21/04,5.4,24.120833,77.333333,0
22/04,0.0,25.466667,74.041667,0
23/04,0.0,25.920833,72.166667,0
24/04,0.0,26.175,71.708333,0
25/04,0.0,25.904167,69.708333,0
26/04,0.0,26.1125,68.666667,0
27/04,0.0,26.445833,68.75,0
28/04,0.0,26.525,69.541667,0
29/04,0.0,25.929167,67.208333,0
30/04,0.0,25.308333,67.333333,0
01/05,0.0,23.9875,66.916667,0
02/05,0.0,23.333333,76.958333,0
03/05,9.0,21.55,92.375,0
04/05,2.2,23.658333,75.708333,0
05/05,0.2,23.154167,82.916667,0
06/05,6.6,23.545833,85.083333,0
07/05,0.0,24.504167,75.166667,0
08/05,0.0,24.1,73.041667,0
09/05,0.0,25.25,70.083333,0
10/05,0.0,25.304167,68.125,0
11/05,0.0,25.166667,66.708333,0
12/05,0.0,25.195833,59.375,0
13/05,0.0,23.8875,66.25,0
14/05,0.4,24.925,69.791667,0
15/05,0.0,25.920833,59.291667,0
16/05,0.0,27.329167,47.041667,0
17/05,0.0,25.9625,69.125,0
18/05,46.2,22.404167,93.458333,0
19/05,1.8,23.170833,87.083333,0
20/05,0.4,23.4625,84.0,0
21/05,4.8,22.891667,91.583333,0
22/05,1.2,23.275,86.833333,0
23/05,7.8,23.354167,83.833333,0
24/05,3.8,24.0125,76.875,0
25/05,1.2,23.358333,82.208333,0
26/05,9.0,22.525,80.958333,0
27/05,0.0,23.566667,74.416667,0
28/05,5.2,22.3875,87.083333,0
29/05,13.2,21.7125,82.416667,0
30/05,0.0,22.783333,74.041667,0
31/05,0.0,22.229167,79.0,0
01/06,0.0,22.966667,79.333333,0
02/06,0.0,23.341667,80.666667,0
03/06,0.0,24.85,75.0,0
04/06,1.8,22.283333,89.291667,0
05/06,5.2,21.754167,91.0,0
06/06,1.2,22.525,87.708333,0
07/06,0.2,21.704167,92.208333,0
08/06,3.2,22.654167,84.666667,0
09/06,0.0,22.8375,77.291667,0
10/06,0.0,22.995833,75.666667,0
11/06,0.0,22.458333,72.583333,0
12/06,0.0,23.304167,70.5,0
13/06,0.0,23.295833,70.25,0
14/06,0.0,23.270833,67.875,0
15/06,0.0,22.925,72.541667,0
16/06,4.8,22.058333,82.25,0
17/06,0.2,23.054167,70.291667,0
18/06,0.0,22.75,66.333333,0
19/06,0.0,23.266667,62.541667,0
20/06,0.0,23.204167,69.208333,0
21/06,0.0,23.925,66.041667,0
22/06,2.4,21.979167,72.416667,0
23/06,0.2,21.829167,76.416667,0
24/06,0.4,22.158333,70.0,0
25/06,0.0,21.829167,71.833333,0
26/06,0.0,21.066667,79.875,0
27/06,3.2,20.3375,85.208333,0
28/06,0.6,20.429167,87.791667,0
29/06,4.8,20.891667,81.375,0
30/06,0.0,21.5125,71.291667,0
01/07,9.6,21.941667,82.916667,0
02/07,3.2,22.233333,79.125,0
03/07,0.0,19.7375,75.708333,0
04/07,0.6,19.108333,68.583333,0
05/07,0.0,19.5,70.375,0
06/07,0.0,19.845833,78.666667,0
07/07,2.4,20.575,79.291667,0
08/07,1.2,20.6875,76.416667,0
09/07,0.4,20.654167,72.25,0
10/07,1.2,20.1,85.25,0
11/07,4.6,20.733333,80.541667,0
12/07,0.0,22.0375,70.208333,0
13/07,2.6,20.933333,80.083333,0
14/07,2.6,19.6125,86.083333,0
15/07,2.8,20.204167,74.291667,0
16/07,0.2,20.429167,73.875,0
17/07,0.0,21.395833,76.958333,0
18/07,0.6,20.775,72.0,0
19/07,0.0,21.4875,67.041667,0
20/07,0.2,21.495833,73.208333,0
21/07,0.2,22.3875,72.916667,0
22/07,0.2,23.3625,61.541667,0
23/07,0.0,21.133333,60.0,0
24/07,0.0,20.8375,74.416667,0
25/07,8.8,20.770833,78.791667,0
26/07,0.0,19.45,79.583333,0
27/07,1.0,20.883333,72.916667,0
28/07,0.0,20.933333,70.666667,0
29/07,6.8,18.875,86.666667,0
30/07,1.4,19.495833,77.541667,0
31/07,0.2,20.116667,76.166667,0
01/08,1.6,19.9875,78.5,0
02/08,0.0,21.808333,70.166667,0
03/08,0.0,21.641667,73.333333,0
04/08,0.0,22.408333,70.916667,0
05/08,0.0,22.925,67.208333,0
06/08,0.0,23.016667,67.0,0
07/08,0.0,20.991667,72.625,0
08/08,0.0,22.366667,62.75,0
09/08,0.0,22.283333,63.416667,0
10/08,0.0,23.195833,61.25,0
11/08,0.0,21.933333,53.916667,0
12/08,0.0,22.858333,64.833333,0
13/08,0.0,23.05,62.333333,0
14/08,0.0,21.5125,65.708333,0
15/08,0.0,20.358333,66.875,0
16/08,0.0,21.620833,59.375,0
17/08,0.0,22.4125,61.416667,0
18/08,0.0,22.616667,62.0,0
19/08,0.0,23.345833,59.583333,0
20/08,0.0,22.683333,63.916667,0
21/08,0.0,24.2625,63.541667,0
22/08,0.0,22.079167,77.708333,0
23/08,2.6,22.108333,72.791667,0
24/08,0.0,22.6,66.916667,0
25/08,0.6,21.2375,76.041667,0
26/08,4.4,21.6375,74.416667,0
27/08,1.0,22.033333,70.083333,0
28/08,0.2,22.691667,66.208333,0
29/08,0.0,22.908333,59.416667,0
30/08,0.0,22.520833,58.416667,0
31/08,0.0,23.666667,55.166667,0
01/09,0.0,23.195833,60.125,0
02/09,0.0,21.491667,67.25,0
03/09,12.6,20.304167,76.666667,0
04/09,0.0,22.0,61.5,0
05/09,0.0,22.508333,61.208333,0
06/09,0.0,23.408333,65.416667,0
07/09,0.0,24.166667,66.333333,0
08/09,0.0,23.341667,68.75,0
09/09,0.0,23.625,62.333333,0
10/09,0.0,22.858333,64.541667,0
11/09,0.4,22.725,63.25,0
12/09,0.0,23.425,53.333333,0
13/09,0.0,23.333333,61.708333,0
14/09,1.0,21.508333,76.375,0
15/09,3.4,22.733333,67.75,0
16/09,0.6,23.1625,64.875,0
17/09,2.4,21.979167,77.041667,0
18/09,0.0,22.75,68.791667,0
19/09,1.0,21.329167,79.291667,0
20/09,11.0,22.241667,74.291667,0
21/09,0.6,22.170833,75.125,0
22/09,1.0,22.7,62.708333,0
23/09,1.0,23.020833,67.083333,0
24/09,0.0,22.575,68.333333,0
25/09,8.2,21.570833,77.333333,0
26/09,2.6,23.504167,65.708333,0
27/09,0.0,23.966667,65.0,0
28/09,0.0,25.491667,62.041667,0
29/09,0.0,24.3875,63.291667,0
30/09,0.0,25.716667,58.75,0
01/10,0.0,24.995833,61.708333,0
02/10,0.0,26.425,55.791667,0
03/10,0.0,27.0125,55.041667,0
04/10,0.0,26.070833,56.416667,0
05/10,0.0,24.8375,59.333333,0
06/10,0.0,25.445833,54.291667,0
07/10,1.2,24.504167,62.708333,0
08/10,0.0,24.941667,56.875,0
09/10,0.0,24.929167,57.458333,0
10/10,0.0,25.020833,55.541667,0
11/10,0.0,25.091667,51.625,0
12/10,0.0,24.970833,51.666667,0
13/10,0.0,25.533333,52.958333,0
14/10,0.0,27.266667,52.0,0
15/10,0.0,27.575,54.375,0
16/10,0.0,26.633333,49.583333,0
17/10,0.0,23.058333,65.0,0
18/10,1.2,21.925,78.125,0
19/10,0.8,24.65,62.916667,0
20/10,0.0,27.1125,55.375,0
21/10,0.0,27.404167,54.125,1
22/10,0.0,27.3875,53.25,0
23/10,0.0,27.075,52.5,0
24/10,0.0,26.4625,54.041667,0
25/10,0.0,26.7,53.166667,0
26/10,0.0,26.804167,51.875,0
27/10,0.0,26.925,58.416667,0
28/10,0.0,26.866667,59.833333,0
29/10,0.0,27.958333000000003,52.666667,0
30/10,0.0,28.179167,48.208333,0
31/10,0.0,26.766667,55.375,0
01/11,0.8,26.1125,70.0,0
02/11,42.4,23.533333,85.833333,0
03/11,23.4,22.420833,86.708333,0
04/11,3.8,23.170833,80.625,0
05/11,0.6,25.208333,74.375,0
06/11,1.2,26.3125,71.375,0
07/11,0.4,22.670833,85.541667,0
08/11,4.6,24.1,77.625,0
09/11,0.8,24.8125,71.833333,0
10/11,0.0,24.8875,68.625,0
11/11,0.0,25.6,67.875,0
12/11,0.0,26.983333,67.458333,0
13/11,8.8,24.379167,88.583333,0
14/11,46.8,22.008333,96.041667,0
15/11,12.6,20.879167,94.583333,0
16/11,3.2,22.1375,87.791667,0
17/11,8.6,23.795833,76.166667,0
18/11,0.0,23.891667,70.125,0
19/11,0.0,23.933333,73.375,0
20/11,0.0,24.445833,78.583333,0
21/11,0.6,24.195833,75.75,0
22/11,0.0,25.479167,68.083333,0
23/11,0.0,24.841667,73.583333,0
24/11,0.0,26.3125,64.708333,0
25/11,0.2,23.541667,79.916667,0
26/11,3.0,25.016667,67.541667,0
27/11,0.0,25.0,66.583333,0
28/11,0.0,25.104167,63.666667,0
29/11,0.0,25.204167,62.75,0
30/11,0.0,25.0375,67.958333,0
01/12,0.0,24.8625,71.958333,0
02/12,0.0,24.875,75.458333,0
03/12,0.0,25.495833,72.208333,0
04/12,0.0,26.775,64.083333,0
05/12,0.0,27.779167,57.583333,1
06/12,0.0,28.395833000000003,57.875,0
07/12,0.0,27.183333,62.541667,0
08/12,0.0,26.225,68.708333,0
09/12,26.6,25.533333,77.541667,0
10/12,1.0,25.154167,70.583333,0
11/12,0.0,26.629167,62.875,0
12/12,0.0,27.445833,68.0,0
13/12,1.4,23.804167,87.458333,0
14/12,0.0,25.558333,69.666667,0
15/12,0.0,25.0125,68.625,0
16/12,4.4,23.404167,75.0,0
17/12,0.0,25.3,68.708333,0
18/12,11.4,25.079167,75.0,0
19/12,6.0,25.4,70.875,0
20/12,0.6,25.266667,68.833333,0
21/12,1.2,26.1625,66.0,0
22/12,0.0,25.8375,67.666667,0
23/12,0.0,25.620833,67.875,0
24/12,0.2,25.554167,63.083333,0
25/12,0.0,24.7375,67.5,0
26/12,0.0,25.291667,68.416667,0
27/12,0.0,26.129167,63.916667,0
28/12,0.0,25.629167,65.041667,0
29/12,0.0,26.0,66.708333,0
30/12,0.2,26.875,66.333333,0
31/12,0.0,26.208333,67.458333,0
01/01,0.0,26.216667,67.375,0
02/01,0.0,26.854167,64.875,0
03/01,0.0,27.991667,58.875,0
04/01,0.0,27.333333000000003,64.208333,0
05/01,26.6,23.75,78.833333,0
06/01,0.0,25.675,64.958333,0
07/01,19.0,24.9875,73.875,0
08/01,0.0,25.633333,65.166667,0
09/01,0.0,25.295833,68.958333,0
10/01,0.0,23.8,82.958333,0
11/01,9.8,24.05,78.583333,0
12/01,0.0,25.183333,68.916667,0
13/01,0.0,25.3125,67.666667,0
14/01,0.2,25.666667,73.25,0
15/01,4.0,26.766667,62.916667,0
16/01,0.0,26.75,56.708333,0
17/01,0.0,26.3375,55.291667,0
18/01,0.0,25.9875,63.25,0
19/01,0.0,26.941667,59.75,0
20/01,2.2,26.670833,63.5,0
21/01,0.0,27.604167,54.958333,0
22/01,0.0,26.8,56.958333,0
23/01,0.0,27.004167,59.25,0
24/01,0.0,27.229167,53.416667,0
25/01,3.8,26.841667,61.208333,0
26/01,0.0,26.7,60.958333,0
27/01,0.0,27.229167,62.333333,0
28/01,0.4,27.0625,63.958333,0
29/01,0.0,27.775,56.041667,0
30/01,0.0,27.620833,57.166667,0
31/01,0.0,28.675,61.0,0
01/02,0.0,27.479167,63.083333,0
02/02,0.0,27.958333000000003,60.75,0
03/02,17.8,23.5625,88.75,0
04/02,8.4,23.054167,92.875,0
05/02,25.4,23.770833,86.75,0
06/02,4.6,24.808333,85.75,0
07/02,4.6,23.475,93.5,0
08/02,1.2,24.370833,87.583333,0
09/02,30.6,25.166667,81.833333,0
10/02,4.8,25.254167,77.458333,0
11/02,14.6,24.116667,80.75,0
12/02,0.2,25.725,66.583333,0
13/02,0.0,25.895833,67.916667,0
14/02,1.2,26.141667,67.166667,0
15/02,0.0,25.895833,68.166667,0
16/02,1.2,25.970833,68.916667,0
17/02,0.0,26.070833,66.291667,0
18/02,0.2,25.9125,71.375,0
19/02,3.4,25.5875,73.041667,0
20/02,0.0,26.3375,66.708333,0
21/02,0.0,26.770833000000003,63.708333,0
22/02,0.0,26.7125,64.541667,0
23/02,0.0,28.091667,63.416667,0
24/02,0.8,27.891667,65.458333,0
25/02,3.6,25.579167,79.041667,0
26/02,3.0,26.145833,64.375,0
27/02,0.0,27.075,59.166667,0
28/02,0.0,27.55,58.208333,0
01/03,0.0,27.170833,56.625,1
02/03,0.0,27.554167,59.333333,0
03/03,0.0,28.083333000000003,59.541667,0
04/03,0.0,27.208333000000003,60.166667,0
05/03,0.0,28.35,57.541667,0
06/03,0.0,29.5625,57.0,0
07/03,0.0,27.033333,72.541667,0
08/03,9.6,24.708333,84.625,0
09/03,5.2,26.645833000000003,74.208333,0
10/03,2.0,26.566667,80.166667,0
11/03,42.2,24.504167,89.75,0
12/03,4.6,25.5875,84.25,0
13/03,13.2,27.141667,71.541667,0
14/03,0.2,26.675,75.458333,0
15/03,0.8,26.279167,74.541667,0
16/03,0.0,26.395833000000003,71.541667,0
17/03,0.0,26.170833,70.791667,0
18/03,2.4,25.420833,77.083333,0
19/03,0.0,26.016667,70.458333,0
20/03,0.6,26.304167,71.0,0
21/03,0.2,25.841667,72.625,0
22/03,63.0,25.620833,77.791667,0
23/03,19.4,23.408333,88.458333,0
24/03,5.2,23.9,86.583333,0
25/03,28.4,22.754167,91.583333,0
26/03,16.6,22.995833,83.416667,0
27/03,3.4,25.3875,72.458333,0
28/03,0.8,24.979167,75.291667,0
29/03,4.4,23.545833,86.25,0
30/03,1.4,24.058333,81.75,0
31/03,3.6,24.9,77.583333,0
01/04,0.0,25.525,72.583333,0
02/04,0.0,25.6,69.458333,0
03/04,0.2,25.858333,71.375,0
04/04,0.0,26.65,69.916667,0
05/04,0.2,26.633333,70.333333,0
06/04,0.0,26.3125,69.25,0
07/04,0.0,25.208333,69.583333,0
08/04,0.0,25.145833,63.75,0
09/04,0.0,25.129167,67.333333,0
10/04,11.4,23.954167,81.291667,0
11/04,0.8,23.041667,83.5,0
12/04,12.4,22.8125,89.083333,0
13/04,10.6,23.4125,87.333333,0
14/04,3.0,23.825,82.958333,0
15/04,4.8,23.758333,83.291667,0
16/04,4.2,23.408333,82.875,0
17/04,5.8,22.55,88.333333,0
18/04,10.2,22.0875,86.541667,0
19/04,0.2,23.570833,76.916667,0
20/04,0.4,24.3875,76.791667,0
21/04,1.0,23.45,83.791667,0
22/04,1.0,23.458333,78.166667,0
23/04,0.0,24.104167,76.708333,0
24/04,6.2,23.575,80.5,0
25/04,2.0,23.854167,82.041667,0
26/04,0.2,23.416667,81.041667,0
27/04,0.0,24.741667,76.833333,0
28/04,0.2,25.645833,70.625,0
29/04,0.0,24.570833,73.5,0
30/04,0.0,24.1875,72.583333,0
01/05,0.0,24.9875,73.333333,0
02/05,1.2,24.1375,84.166667,0
03/05,15.6,24.4375,79.791667,0
04/05,1.6,23.004167,87.708333,0
05/05,20.8,21.883333,95.291667,0
06/05,5.8,22.916667,84.916667,0
07/05,0.0,24.404167,76.5,0
08/05,0.0,23.358333,76.083333,0
09/05,0.4,23.454167,74.625,0
10/05,0.0,22.604167,70.166667,0
11/05,0.0,22.975,70.625,0
12/05,0.4,24.383333,74.0,0
13/05,0.0,23.604167,77.5,0
14/05,0.4,24.554167,79.083333,0
15/05,0.2,23.354167,77.041667,0
16/05,0.0,22.929167,80.583333,0
17/05,2.8,23.8375,82.541667,0
18/05,0.0,24.720833,71.458333,0
19/05,0.0,23.733333,76.833333,0
20/05,0.0,23.883333,73.125,0
21/05,0.0,25.166667,67.541667,0
22/05,0.0,24.8125,73.958333,0
23/05,0.0,24.641667,76.0,0
24/05,4.6,24.058333,75.083333,0
25/05,0.0,22.195833,80.458333,0
26/05,6.8,21.266667,85.666667,0
27/05,4.6,21.65,87.041667,0
28/05,0.6,22.329167,77.333333,0
29/05,0.6,21.929167,80.666667,0
30/05,0.4,21.358333,76.958333,0
31/05,0.0,21.6625,77.5,0
01/06,0.2,23.0,73.25,0
02/06,2.0,22.595833,89.0,0
03/06,8.8,22.708333,94.125,0
04/06,39.2,22.558333,91.541667,0
05/06,22.0,22.104167,86.875,0
06/06,21.8,21.779167,90.208333,0
07/06,0.6,23.154167,80.833333,0
08/06,0.0,22.7375,81.958333,0
09/06,0.2,22.9625,87.375,0
10/06,15.8,23.179167,82.708333,0
11/06,0.2,22.741667,80.166667,0
12/06,2.2,23.033333,81.875,0
13/06,5.4,22.170833,87.833333,0
14/06,0.0,22.475,76.125,0
15/06,3.2,21.958333,80.708333,0
16/06,0.2,21.241667,78.875,0
17/06,5.2,21.716667,80.208333,0
18/06,0.0,22.075,73.208333,0
19/06,0.2,22.0,72.958333,0
20/06,0.2,21.125,74.208333,0
21/06,0.0,20.691667,83.458333,0
22/06,0.2,21.241667,76.583333,0
23/06,0.0,21.695833,72.083333,0
24/06,0.0,22.875,65.583333,0
25/06,0.0,20.270833,76.833333,0
26/06,0.4,21.9375,73.958333,0
27/06,1.0,21.808333,78.541667,0
28/06,0.0,21.5375,79.791667,0
29/06,2.8,21.7125,79.041667,0
30/06,7.0,21.6625,82.25,0
01/07,2.0,22.2125,80.0,0
02/07,0.0,22.945833,72.916667,0
03/07,5.4,22.658333,76.875,0
04/07,0.0,22.770833,71.666667,0
05/07,0.0,21.7,74.75,0
06/07,0.0,22.241667,72.666667,0
07/07,0.2,22.641667,72.666667,0
08/07,0.0,21.5,74.666667,0
09/07,0.0,22.658333,72.291667,0
10/07,0.0,22.225,70.166667,0
11/07,0.0,22.229167,67.541667,0
12/07,0.0,22.666667,66.75,0
13/07,0.0,23.354167,69.75,0
14/07,1.0,21.858333,79.958333,0
15/07,0.0,22.1,77.416667,0
16/07,0.0,22.433333,71.083333,0
17/07,1.4,20.833333,84.166667,0
18/07,5.4,19.683333,87.708333,0
19/07,1.2,21.470833,74.25,1
20/07,0.8,19.445833,85.541667,0
21/07,3.0,21.2375,74.125,0
22/07,0.0,21.854167,66.791667,0
23/07,0.0,20.770833,72.041667,0
24/07,0.0,21.579167,70.875,0
25/07,6.2,20.679167,78.291667,0
26/07,0.0,21.591667,73.75,0
27/07,0.0,21.825,67.666667,0
28/07,0.0,21.441667,67.791667,0
29/07,0.0,22.529167,64.458333,0
30/07,0.0,22.004167,65.5,0
31/07,0.0,22.770833,65.25,0
01/08,0.0,23.5,65.666667,0
02/08,0.0,22.25,68.041667,0
03/08,0.0,22.258333,66.5,0
04/08,0.0,23.020833,65.5,0
05/08,0.0,23.470833,66.416667,0
06/08,0.0,23.425,68.458333,0
07/08,0.0,23.941667,64.625,0
08/08,2.2,23.425,70.208333,0
09/08,0.0,23.3875,67.916667,1
10/08,0.0,22.4625,69.541667,0
11/08,0.0,22.341667,71.458333,0
12/08,0.0,25.675,61.125,0
13/08,0.0,25.25,67.208333,0
14/08,0.0,25.3375,64.333333,0
15/08,0.2,24.354167,68.625,1
16/08,0.0,24.504167,64.791667,0
17/08,0.0,23.429167,66.166667,0
18/08,0.0,22.845833,67.708333,0
19/08,0.0,23.220833,65.541667,0
20/08,0.0,23.954167,65.916667,0
21/08,0.4,22.916667,77.5,0
22/08,1.4,22.820833,78.958333,0
23/08,0.4,22.620833,70.916667,0
24/08,0.0,24.125,61.0,0
25/08,0.0,23.7625,60.208333,0
26/08,0.0,24.2625,59.625,0
27/08,0.0,22.733333,63.666667,0
28/08,0.2,20.720833,85.458333,0
29/08,9.8,21.625,74.916667,0
30/08,0.2,21.6625,73.791667,0
31/08,3.6,19.820833,90.416667,0
01/09,4.4,20.420833,77.0,0
02/09,0.0,23.225,63.083333,0
03/09,0.0,24.9375,61.875,1
04/09,0.0,23.6125,69.5,0
05/09,0.0,24.320833,70.541667,0
06/09,0.0,24.4125,65.958333,0
07/09,0.0,24.629167,63.75,0
08/09,3.8,22.229167,73.041667,0
09/09,0.0,22.154167,68.958333,0
10/09,0.0,23.833333,64.416667,0
11/09,5.4,23.3625,73.125,0
12/09,0.0,24.6875,60.875,0
13/09,2.0,23.683333,58.666667,0
14/09,0.0,21.854167,73.666667,0
15/09,0.2,23.304167,66.583333,0
16/09,0.0,25.008333,62.208333,0
17/09,0.0,25.775,62.291667,0
18/09,0.0,26.483333,55.916667,0
19/09,0.0,26.508333,58.041667,0
20/09,0.2,26.054167,59.416667,0
21/09,0.0,26.345833,55.291667,0
22/09,0.0,26.191667,55.791667,0
23/09,0.0,26.591667,55.541667,0
24/09,0.0,26.5625,54.291667,0
25/09,0.0,26.183333,55.375,0
26/09,0.0,25.916667,52.125,0
27/09,0.0,26.091667,56.666667,0
28/09,0.0,25.454167,58.041667,0
29/09,0.0,26.25,54.083333,0
30/09,0.0,26.8125,53.0,0
01/10,0.0,26.375,52.958333,0
02/10,0.0,26.616667,53.5,0
03/10,0.0,25.766667,58.208333,0
04/10,0.0,26.083333,59.833333,0
05/10,0.0,25.304167,65.125,0
06/10,0.0,26.766667,47.833333,0
07/10,0.0,26.1125,53.458333,0
08/10,0.0,26.583333000000003,57.208333,0
09/10,0.0,27.204167,49.75,0
10/10,0.0,26.3875,47.125,0
11/10,0.0,27.0,47.875,0
12/10,0.0,26.525,51.625,1
13/10,0.0,26.9125,53.083333,0
14/10,0.0,28.15,54.166667,1
15/10,0.0,28.254167,54.208333,0
16/10,0.8,25.233333,68.458333,0
17/10,0.0,26.55,62.625,0
18/10,0.0,26.9875,57.541667,0
19/10,0.0,26.591667,58.875,0
20/10,0.0,28.266667,58.375,0
21/10,141.6,22.520833,88.791667,0
22/10,0.2,22.804167,77.291667,0
23/10,0.0,25.183333,69.0,0
24/10,0.0,26.7,62.666667,0
25/10,0.0,28.008333,56.333333,0
26/10,0.0,26.516667,60.083333,0
27/10,0.0,27.0125,63.375,1
28/10,0.0,25.658333,80.541667,0
29/10,3.0,25.45,81.166667,0
30/10,1.2,25.416667,76.083333,0
31/10,0.4,26.054167,69.0,0
01/11,0.0,25.091667,71.541667,0
02/11,0.0,24.904167,70.625,0
03/11,0.0,26.908333,58.166667,0
04/11,0.0,26.908333,60.083333,0
05/11,0.0,26.9875,64.125,0
06/11,0.0,24.025,76.458333,0
07/11,0.8,25.9,65.125,0
08/11,1.8,25.7625,69.75,0
09/11,1.8,25.6625,72.291667,0
10/11,0.8,25.004167,74.0,0
11/11,0.4,24.0,82.5,0
12/11,21.6,22.925,91.0,0
13/11,1.0,24.754167,80.416667,0
14/11,0.0,24.975,73.625,0
15/11,0.0,24.791667,71.833333,0
16/11,0.0,24.5375,74.541667,0
17/11,0.0,25.841667,67.0,0
18/11,0.0,26.720833,60.875,0
19/11,0.0,25.9875,60.916667,0
20/11,0.0,26.958333000000003,58.208333,0
21/11,0.0,26.941667,60.0,0
22/11,0.0,27.079167,58.958333,0
23/11,0.0,26.6375,59.083333,0
24/11,0.0,26.558333,60.5,0
25/11,0.0,25.3125,70.5,0
26/11,44.4,20.945833,95.416667,0
27/11,22.4,21.654167,88.75,0
28/11,8.4,22.8,85.416667,0
29/11,2.6,24.354167,79.875,0
30/11,0.4,25.658333,72.25,0
01/12,0.8,24.570833,85.208333,0
02/12,4.0,24.5375,88.291667,0
03/12,7.2,25.325,81.625,0
04/12,75.4,24.008333,89.75,0
05/12,23.0,23.979167,88.083333,0
06/12,24.8,25.0875,78.916667,0
07/12,0.2,26.366667,72.833333,0
08/12,0.0,25.308333,78.708333,0
09/12,11.4,22.7125,89.666667,0
10/12,12.0,23.654167,85.916667,0
11/12,26.4,24.366667,82.166667,0
12/12,0.0,24.716667,73.083333,0
13/12,0.0,23.8625,76.583333,0
14/12,0.0,25.116667,68.125,0
15/12,0.0,24.441667,73.541667,0
16/12,3.6,23.4625,86.083333,0
17/12,0.6,24.229167,74.375,0
18/12,0.0,24.0875,75.083333,0
19/12,0.0,24.008333,76.25,0
20/12,0.0,24.4125,71.291667,0
21/12,0.0,24.658333,69.25,0
22/12,0.0,23.270833,76.291667,0
23/12,0.0,24.808333,73.916667,0
24/12,0.0,25.641667,69.75,0
25/12,0.0,26.0,68.583333,0
26/12,0.0,26.325,67.0,0
27/12,0.0,27.141667,63.333333,0
28/12,0.0,26.529167,67.166667,0
29/12,0.0,25.458333,74.625,0
30/12,0.0,24.408333,78.458333,0
31/12,0.0,24.9125,72.75,0
01/01,0.0,26.5,68.666667,0
02/01,0.0,26.6125,61.833333,0
03/01,0.0,25.675,63.666667,0
04/01,0.0,26.0375,64.375,0
05/01,0.0,25.520833,69.666667,0
06/01,0.2,25.579167,71.041667,0
07/01,0.0,24.5,73.041667,0
08/01,0.0,24.416667,73.208333,0
09/01,0.2,25.645833,62.791667,0
10/01,0.0,25.0125,68.583333,0
11/01,0.0,26.070833,67.666667,0
12/01,0.0,26.866667,61.416667,0
13/01,1.0,26.595833,63.875,0
14/01,0.0,25.566667,72.291667,0
15/01,0.2,27.091667,66.791667,0
16/01,0.2,26.783333,66.375,0
17/01,0.0,26.7875,58.875,0
18/01,0.0,27.195833,57.458333,0
19/01,0.0,26.954167,56.041667,0
20/01,0.0,26.779167,58.5,0
21/01,0.0,27.558333,55.291667,0
22/01,0.0,26.8875,58.958333,0
23/01,0.0,27.354167,54.5,0
24/01,0.0,28.0125,58.416667,0
25/01,0.0,27.233333,62.875,0
26/01,0.0,27.45,55.541667,0
27/01,0.0,27.329167,56.083333,0
28/01,0.0,25.129167,69.625,0
29/01,0.0,25.591667,68.125,0
30/01,0.0,26.8125,60.875,0
31/01,0.0,27.704167,56.125,0
01/02,0.0,27.775,57.458333,0
02/02,0.0,27.504167,59.75,0
03/02,0.0,28.3,59.5,0
04/02,0.0,29.058333,57.833333,0
05/02,0.0,29.295833,55.583333,0
06/02,1.2,28.683333,61.541667,0
07/02,0.0,28.191667,61.958333,0
08/02,0.0,27.920833,61.375,0
09/02,0.0,28.6375,53.375,0
10/02,1.6,28.2125,57.125,0
11/02,0.2,27.754167,54.5,0
12/02,0.0,28.4625,53.625,0
13/02,0.0,29.2125,49.25,0
14/02,0.8,28.6875,56.75,0
15/02,0.2,28.2125,63.625,0
16/02,1.4,27.941667,64.958333,0
17/02,0.0,28.6,57.083333,0
18/02,49.4,24.758333,86.791667,0
19/02,1.8,27.429167,72.541667,0
20/02,0.0,27.579167,65.166667,0
21/02,0.0,27.8,64.708333,0
22/02,2.8,25.508333,79.583333,0
23/02,2.6,26.533333,74.916667,0
24/02,0.0,26.870833,67.916667,0
25/02,0.0,27.241667,65.291667,0
26/02,0.0,28.220833,65.541667,0
27/02,0.0,27.208333000000003,70.375,0
28/02,0.4,27.145833000000003,70.208333,0
01/03,0.0,27.1625,65.125,0
02/03,0.0,27.841667,61.708333,0
03/03,0.0,27.629167,60.708333,0
04/03,2.2,27.729167,66.375,0
05/03,0.2,26.441667,72.833333,0
06/03,4.6,25.820833,75.541667,0
07/03,0.8,26.845833,69.083333,0
08/03,3.4,27.154167,66.208333,0
09/03,0.0,28.079167,60.75,0
10/03,0.0,28.033333,57.375,0
11/03,0.0,26.9875,58.958333,0
12/03,0.0,26.829167,59.125,0
13/03,0.0,28.683333,54.041667,0
14/03,0.0,27.7375,55.708333,0
15/03,0.0,27.945833,61.25,0
16/03,0.0,28.7625,54.166667,0
17/03,0.0,27.208333000000003,52.625,0
18/03,0.0,27.629167,58.25,0
19/03,0.0,29.441667,55.666667,0
20/03,0.0,29.975,54.166667,0
21/03,12.6,25.133333,84.541667,0
22/03,0.6,24.554167,88.25,0
23/03,45.8,24.795833,89.0,0
24/03,30.2,23.733333,92.666667,0
25/03,41.2,23.633333,93.75,0
26/03,18.6,25.454167,83.541667,0
27/03,0.0,25.35,80.416667,0
28/03,9.0,25.3875,79.708333,0
29/03,0.0,26.104167,72.583333,0
30/03,0.0,25.875,71.0,0
31/03,2.4,25.966667,77.75,0
01/04,53.4,24.695833,86.416667,0
02/04,127.6,25.025,85.541667,0
03/04,0.2,25.7,78.5,0
04/04,0.0,26.058333,76.166667,0
05/04,0.2,26.229167,77.125,0
06/04,0.0,26.620833,73.291667,0
07/04,0.0,26.258333,76.416667,0
08/04,0.4,26.216667,76.75,0
09/04,5.2,26.470833,80.166667,0
10/04,0.0,26.333333000000003,78.416667,0
11/04,0.0,25.891667,81.666667,0
12/04,36.4,26.066667,82.25,0
13/04,0.2,25.3,82.458333,0
14/04,0.2,25.125,82.5,0
15/04,14.8,24.45,89.25,0
16/04,1.2,25.620833,79.708333,0
17/04,0.0,26.0875,76.25,0
18/04,0.0,26.970833,76.625,0
19/04,0.0,27.141667,75.5,0
20/04,0.0,26.233333,77.375,0
21/04,0.0,25.025,75.958333,0
22/04,0.0,25.258333,78.833333,0
23/04,0.2,24.920833,80.916667,0
24/04,2.6,24.854167,79.458333,0
25/04,0.0,24.825,75.25,0
26/04,0.2,24.145833,84.583333,0
27/04,0.8,24.483333,79.958333,0
28/04,0.0,24.904167,71.041667,0
29/04,0.0,25.516667,72.666667,0
30/04,0.0,26.129167,70.541667,0
01/05,0.0,26.270833000000003,70.125,0
02/05,0.0,26.170833,72.833333,0
03/05,0.0,25.908333,73.416667,0
04/05,0.0,24.641667,78.25,0
05/05,4.2,23.479167,91.166667,0
06/05,2.2,23.6125,87.25,0
07/05,0.0,24.283333,77.166667,0
08/05,0.0,24.6,75.333333,0
09/05,0.0,25.804167,75.291667,0
10/05,0.2,25.575,73.666667,0
11/05,0.0,24.954167,76.625,0
12/05,1.2,25.966667,77.125,0
13/05,0.2,25.683333,77.416667,0
14/05,55.2,23.533333,89.833333,0
15/05,0.8,24.666667,83.875,0
16/05,0.2,24.879167,80.166667,0
17/05,0.0,23.825,83.125,0
18/05,0.2,24.45,80.333333,0
19/05,0.4,23.8875,86.333333,0
20/05,2.0,24.295833,83.458333,0
21/05,0.0,24.983333,78.458333,0
22/05,0.0,25.025,79.416667,0
23/05,0.0,25.270833,76.416667,0
24/05,0.0,24.7125,76.208333,0
25/05,0.0,24.4875,75.291667,0
26/05,0.0,24.520833,73.583333,0
27/05,0.0,23.654167,75.958333,0
28/05,0.8,23.2875,85.25,0
29/05,1.2,24.258333,80.541667,0
30/05,0.2,24.004167,80.0,0
31/05,0.0,24.008333,76.625,0
01/06,0.0,24.016667,73.291667,0
02/06,0.0,24.020833,70.916667,0
03/06,14.6,23.933333,76.625,0
04/06,0.0,23.516667,73.833333,0
05/06,0.0,22.633333,73.708333,0
06/06,0.0,22.025,72.916667,0
07/06,0.0,22.945833,67.875,0
08/06,0.0,22.7875,71.875,0
09/06,1.8,23.2875,79.333333,0
10/06,2.6,22.954167,78.666667,0
11/06,2.4,23.254167,79.166667,0
12/06,2.6,23.095833,79.583333,0
13/06,0.4,22.3375,81.083333,0
14/06,4.4,22.3125,85.666667,0
15/06,0.4,21.7,79.375,0
16/06,4.4,20.870833,91.75,0
17/06,5.4,21.2875,92.583333,0
18/06,3.6,21.9625,87.208333,0
19/06,0.4,23.325,77.875,0
20/06,0.0,23.008333,78.166667,0
21/06,0.8,23.55,76.708333,0
22/06,2.8,21.725,83.041667,0
23/06,0.0,22.641667,76.083333,0
24/06,1.4,22.2375,84.375,0
25/06,0.2,23.4375,72.583333,0
26/06,2.6,23.15,76.041667,0
27/06,0.0,21.8,73.0,0
28/06,0.0,22.9375,73.166667,0
29/06,0.2,22.258333,78.541667,0
30/06,0.6,22.170833,79.166667,0
01/07,0.0,22.708333,74.666667,0
02/07,0.0,21.725,74.916667,0
03/07,0.0,22.466667,75.25,0
04/07,0.0,23.8625,69.333333,0
05/07,0.0,25.220833,74.125,0
06/07,1.0,24.9,73.208333,0
07/07,147.2,23.420833,84.375,0
08/07,5.2,20.125,89.958333,0
09/07,0.0,20.266667,76.041667,0
10/07,0.0,19.983333,74.375,0
11/07,0.0,20.4,75.166667,0
12/07,0.0,20.958333,74.75,0
13/07,0.0,21.6875,73.708333,0
14/07,0.0,22.2375,72.291667,0
15/07,0.0,21.2625,70.708333,0
16/07,0.0,22.6375,69.958333,0
17/07,0.0,22.333333,63.666667,0
18/07,0.0,21.054167,73.25,0
19/07,0.0,20.75,66.833333,0
20/07,0.8,20.141667,79.5,0
21/07,11.0,19.45,94.208333,0
22/07,4.0,19.829167,87.541667,0
23/07,3.6,21.679167,78.416667,0
24/07,1.4,22.045833,74.958333,0
25/07,0.4,20.958333,81.25,0
26/07,2.6,20.233333,84.291667,0
27/07,3.6,20.0,86.916667,0
28/07,0.8,21.658333,77.833333,0
29/07,4.6,22.125,78.25,0
30/07,5.0,20.491667,84.375,0
31/07,0.0,22.204167,78.041667,0
01/08,0.0,22.045833,75.041667,0
02/08,0.0,22.283333,74.0,0
03/08,0.0,23.683333,70.125,0
04/08,0.0,23.516667,68.833333,0
05/08,1.6,20.625,90.458333,0
06/08,5.6,21.866667,65.541667,0
07/08,0.0,21.779167,62.208333,0
08/08,0.0,20.870833,68.541667,0
09/08,0.0,21.345833,77.041667,0
10/08,12.4,20.254167,95.708333,0
11/08,9.2,22.254167,81.375,0
12/08,2.4,22.4625,81.25,0
13/08,0.2,22.466667,73.375,0
14/08,0.0,20.741667,86.166667,0
15/08,1.6,21.258333,77.625,0
16/08,1.8,19.779167,88.458333,0
17/08,8.6,20.283333,85.833333,0
18/08,12.8,22.029167,81.5,0
19/08,0.2,22.975,76.291667,0
20/08,0.0,22.9,76.458333,0
21/08,0.0,22.379167,76.541667,0
22/08,0.0,22.808333,73.458333,0
23/08,0.0,23.729167,68.666667,0
24/08,0.0,22.116667,74.125,0
25/08,0.0,23.3375,66.5,0
26/08,0.0,22.716667,67.833333,0
27/08,0.0,22.475,68.291667,0
28/08,3.6,21.658333,77.5,0
29/08,0.4,22.375,73.708333,0
30/08,1.0,22.058333,80.541667,0
31/08,0.0,22.991667,67.625,0
01/09,0.0,22.3875,67.291667,0
02/09,0.0,23.0625,68.125,0
03/09,0.8,23.108333,72.708333,0
04/09,0.8,22.816667,69.541667,0
05/09,0.0,24.208333,62.791667,0
06/09,1.2,23.275,68.958333,0
07/09,2.2,22.133333,75.0,0
08/09,3.4,21.066667,88.083333,0
09/09,7.2,22.929167,80.416667,0
10/09,2.2,22.85,85.041667,0
11/09,0.8,23.7875,71.708333,0
12/09,1.2,23.791667,73.875,0
13/09,0.0,24.916667,64.708333,0
14/09,0.0,23.820833,69.75,0
15/09,0.6,22.65,83.916667,0
16/09,11.4,22.933333,76.083333,0
17/09,0.0,23.095833,68.791667,0
18/09,0.0,24.558333,67.375,0
19/09,0.0,24.958333,68.833333,0
20/09,0.0,24.5375,63.75,0
21/09,0.0,25.175,62.166667,0
22/09,0.0,23.479167,65.708333,1
23/09,0.0,24.425,64.666667,0
24/09,1.0,21.745833,79.625,0
25/09,2.2,23.604167,72.5,0
26/09,0.0,23.975,70.833333,0
27/09,0.0,24.508333,65.208333,0
28/09,0.0,24.604167,71.666667,0
29/09,0.0,24.291667,74.625,0
30/09,0.0,24.1625,76.333333,0
01/10,0.0,25.316667,67.0,0
02/10,1.0,24.929167,69.333333,0
03/10,2.8,23.4625,76.166667,0
04/10,0.4,25.183333,72.666667,0
05/10,27.4,24.170833,71.5,0
06/10,0.0,24.0625,66.458333,0
07/10,0.0,25.3375,65.416667,0
08/10,0.0,24.4375,79.583333,0
09/10,8.4,25.579167,63.041667,0
10/10,0.0,25.691667,62.291667,0
11/10,0.0,25.541667,62.333333,0
12/10,0.0,24.9875,66.333333,0
13/10,0.0,24.904167,68.208333,0
14/10,0.2,25.754167,58.208333,1
15/10,0.0,26.183333,61.125,0
16/10,0.0,25.216667,64.041667,0
17/10,0.0,25.175,59.416667,0
18/10,0.0,25.079167,58.791667,0
19/10,0.0,26.095833,54.875,0
20/10,0.0,27.141667,53.166667,0
21/10,0.0,28.379167,55.25,0
22/10,0.8,27.333333000000003,63.916667,0
23/10,0.0,26.0625,72.958333,0
24/10,49.8,25.45,78.5,0
25/10,0.0,25.770833,66.041667,0
26/10,0.0,25.954167,58.291667,1
27/10,0.0,26.3875,60.166667,0
28/10,0.0,27.05,57.041667,0
29/10,0.0,25.995833,60.208333,0
30/10,0.0,26.2625,57.708333,0
31/10,0.0,27.025,62.916667,0
01/11,0.2,26.833333000000003,64.916667,0
02/11,0.0,27.041667,60.958333,0
03/11,0.0,25.8,60.041667,0
04/11,0.0,26.545833,61.75,0
05/11,0.0,28.341667,57.916667,0
06/11,0.0,28.016667,53.458333,0
07/11,0.0,26.854167,56.083333,0
08/11,0.0,26.9625,57.375,0
09/11,0.0,27.320833,55.166667,0
10/11,0.0,27.795833,54.166667,0
11/11,0.0,27.716667,54.625,0
12/11,0.0,27.666667,51.791667,0
13/11,0.0,27.7125,53.041667,0
14/11,0.0,27.775,53.083333,0
15/11,0.0,28.108333,52.791667,0
16/11,0.0,29.283333,53.875,0
17/11,0.0,26.858333,66.208333,0
18/11,0.0,25.879167,65.75,0
19/11,0.0,28.108333,52.166667,0
20/11,0.0,27.15,54.208333,0
21/11,0.0,26.375,57.375,0
22/11,0.0,26.291667,55.0,0
23/11,0.0,28.404167,55.208333,0
24/11,0.0,29.45,53.625,0
25/11,12.2,24.3375,86.375,0
26/11,11.6,22.383333,93.958333,0
27/11,16.8,22.466667,92.5,0
28/11,4.0,24.4125,84.416667,0
29/11,0.0,27.4375,70.333333,0
30/11,0.0,27.75,59.916667,0
01/12,0.0,28.245833,58.125,0
02/12,0.0,29.05,51.916667,0
03/12,0.0,28.570833,54.916667,0
04/12,0.0,28.4625,54.0,0
05/12,0.0,28.475,49.833333,0
06/12,0.0,28.375,48.833333,0
07/12,0.0,30.35,43.625,0
08/12,0.0,28.975,56.791667,0
09/12,0.0,28.4125,53.291667,0
10/12,0.0,27.6625,52.583333,0
11/12,0.0,28.016667,53.875,0
12/12,0.0,28.3125,53.625,0
13/12,0.0,27.5125,54.208333,0
14/12,0.0,27.7625,56.083333,0
15/12,9.6,25.6,73.208333,0
16/12,10.6,24.0375,81.958333,0
17/12,0.8,26.433333,65.875,0
18/12,0.0,26.4875,65.0,0
19/12,0.0,27.7125,54.0,0
20/12,0.0,27.9875,55.083333,0
21/12,0.0,27.9,53.333333,0
22/12,0.0,28.75,51.083333,0
23/12,0.0,27.620833,54.0,0
24/12,0.0,28.6,54.166667,0
25/12,0.0,28.491667,59.458333,0
26/12,3.8,26.766667,65.541667,0
27/12,0.0,26.5125,61.5,0
28/12,0.2,27.491667,62.5,0
29/12,0.0,27.3625,61.0,0
30/12,0.0,25.870833,70.541667,0
31/12,20.4,23.15,89.125,0
01/01,6.4,24.604167,83.333333,0
02/01,24.6,23.616667,90.75,0
03/01,27.8,24.454167,84.958333,0
04/01,8.6,25.0375,87.208333,0
05/01,17.0,24.520833,83.916667,0
06/01,3.0,24.566667,86.041667,0
07/01,61.0,26.216667,79.291667,0
08/01,0.6,27.229167,72.833333,0
09/01,0.0,26.366667,70.75,0
10/01,0.0,25.091667,65.541667,0
11/01,0.0,26.354167,65.041667,0
12/01,0.0,26.183333,67.208333,0
13/01,0.0,27.279167,64.291667,0
14/01,0.0,26.8875,66.208333,0
15/01,0.0,26.754167,59.791667,0
16/01,0.0,26.95,61.291667,0
17/01,0.0,27.941667,60.166667,0
18/01,0.0,27.1875,62.583333,0
19/01,0.0,27.479167,58.708333,0
20/01,0.0,27.8375,59.833333,0
21/01,0.0,25.816667,70.625,0
22/01,3.8,22.6875,96.666667,0
23/01,65.4,22.658333,92.875,0
24/01,19.6,22.920833,90.208333,0
25/01,1.0,25.933333,82.708333,0
26/01,40.2,23.575,92.0,0
27/01,1.4,25.716667,79.416667,0
28/01,0.2,26.179167,80.583333,0
29/01,0.0,26.333333000000003,73.875,0
30/01,0.0,26.783333,65.916667,0
31/01,0.0,26.4,65.875,0
01/02,0.0,26.729167,69.125,0
02/02,0.0,26.466667,72.541667,0
03/02,2.0,25.741667,82.291667,0
04/02,20.2,25.320833,85.416667,0
05/02,2.0,26.291667,78.625,0
06/02,0.0,25.6,76.958333,0
07/02,0.0,25.620833,77.25,0
08/02,1.4,24.7125,84.916667,0
09/02,0.6,25.075,84.458333,0
10/02,0.0,26.416667,75.166667,0
11/02,0.0,27.366667,70.583333,0
12/02,0.0,27.0125,64.5,0
13/02,0.0,26.095833,67.083333,0
14/02,0.0,26.9375,68.625,0
15/02,0.0,25.795833,77.791667,0
16/02,1.0,26.879167,67.958333,0
17/02,0.0,27.5,61.041667,0
18/02,0.6,25.704167,79.208333,0
19/02,6.4,25.5625,77.458333,0
20/02,4.0,25.258333,78.916667,0
21/02,0.0,27.8375,67.083333,0
22/02,0.0,28.004167,66.458333,0
23/02,0.0,27.783333,69.041667,0
24/02,0.0,27.904167,70.083333,0
25/02,0.0,27.520833000000003,71.083333,0
26/02,0.0,27.204167,63.458333,0
27/02,0.0,27.775,61.75,0
28/02,0.0,27.266667,68.666667,0
29/02,0.0,27.625,65.083333,0
01/03,0.0,27.3,63.916667,0
02/03,0.0,26.254167,66.375,0
03/03,0.0,26.866667,66.333333,0
04/03,0.0,27.85,62.75,0
05/03,7.8,26.208333,77.083333,0
06/03,26.4,24.654167,87.583333,0
07/03,34.0,24.891667,86.875,0
08/03,26.8,24.1625,94.666667,0
09/03,10.8,24.758333,92.041667,0
10/03,19.4,26.5875,81.208333,0
11/03,50.6,24.241667,91.458333,0
12/03,12.8,24.504167,89.458333,0
13/03,5.6,23.645833,89.875,0
14/03,4.0,23.004167,92.291667,0
15/03,8.0,23.766667,88.166667,0
16/03,0.4,25.041667,77.375,0
17/03,0.0,25.975,74.625,0
18/03,0.0,26.1,77.125,0
19/03,0.0,26.691667,73.208333,0
20/03,4.8,25.066667,84.208333,0
21/03,0.4,24.654167,88.041667,0
22/03,6.8,24.904167,88.708333,0
23/03,5.6,25.15,86.166667,0
24/03,17.2,24.345833,82.083333,0
25/03,0.8,24.854167,78.375,0
26/03,53.4,24.1875,85.875,0
27/03,1.2,25.3125,78.041667,0
28/03,0.0,25.0375,79.25,0
29/03,0.0,25.229167,79.0,0
30/03,4.6,25.104167,79.958333,0
31/03,0.0,24.083333,85.875,0
01/04,0.4,24.75,83.541667,0
02/04,2.2,25.145833,80.0,0
03/04,0.0,25.270833,76.791667,0
04/04,0.0,26.691667,68.5,0
05/04,0.0,26.975,72.208333,0
06/04,1.8,25.525,86.291667,0
07/04,4.8,25.629167,84.25,0
08/04,0.0,26.15,80.833333,0
09/04,0.0,27.275,76.5,0
10/04,33.4,24.533333,87.333333,0
11/04,12.0,24.508333,88.583333,0
12/04,23.0,24.941667,87.75,0
13/04,47.8,23.8875,92.458333,0
14/04,34.4,23.079167,95.208333,0
15/04,4.4,24.7875,87.708333,0
16/04,5.2,25.0125,86.083333,0
17/04,7.0,25.108333,84.041667,0
18/04,17.4,24.254167,89.416667,0
19/04,10.4,22.895833,91.875,0
20/04,8.4,22.845833,90.583333,0
21/04,0.4,23.9,85.666667,0
22/04,5.8,23.929167,88.75,0
23/04,2.2,24.258333,86.041667,0
24/04,5.0,24.3375,76.5,0
25/04,0.0,23.325,76.166667,0
26/04,0.0,23.291667,84.833333,0
27/04,6.4,22.833333,83.375,0
28/04,0.0,21.154167,85.75,0
29/04,4.8,22.304167,86.708333,0
30/04,0.2,23.3875,84.583333,0
01/05,0.2,23.941667,82.708333,0
02/05,0.0,24.079167,81.291667,0
03/05,0.0,25.445833,77.958333,0
04/05,1.0,24.491667,80.458333,0
05/05,0.6,23.179167,86.791667,0
06/05,1.4,23.3625,87.833333,0
07/05,0.0,24.516667,82.208333,0
08/05,0.6,24.3125,87.208333,0
09/05,0.2,21.841667,84.291667,0
10/05,0.0,21.6875,79.166667,0
11/05,0.0,22.4,81.125,0
12/05,0.6,22.804167,89.166667,0
13/05,34.4,22.625,92.958333,0
14/05,1.4,23.575,85.166667,0
15/05,0.0,23.558333,85.875,0
16/05,0.0,24.066667,83.625,0
17/05,0.0,23.429167,87.166667,0
18/05,12.4,22.770833,94.041667,0
19/05,4.2,22.358333,91.458333,0
20/05,1.0,22.3625,83.583333,0
21/05,0.0,22.483333,83.25,0
22/05,1.2,22.529167,92.208333,0
23/05,3.2,23.25,89.5,0
24/05,10.8,23.933333,85.0,0
25/05,0.0,24.475,82.375,0
26/05,0.0,23.725,87.416667,0
27/05,13.6,24.175,88.666667,0
28/05,2.2,24.133333,88.541667,0
29/05,1.0,21.8125,78.708333,0
30/05,0.0,20.2375,87.125,0
31/05,0.0,21.875,82.041667,0
01/06,0.0,22.620833,81.833333,0
02/06,0.0,24.1,82.083333,0
03/06,0.6,23.329167,89.833333,0
04/06,2.4,22.879167,93.0,0
05/06,3.6,22.05,86.791667,0
06/06,0.0,22.5125,85.0,0
07/06,0.0,22.383333,84.916667,0
08/06,3.0,22.595833,83.541667,0
09/06,0.0,22.3125,80.375,0
10/06,1.8,22.5375,87.041667,0
11/06,0.6,22.4375,81.583333,0
12/06,0.0,23.408333,76.208333,0
13/06,0.0,23.129167,77.458333,0
14/06,0.0,22.3625,82.875,0
15/06,0.2,21.016667,89.041667,0
16/06,2.6,21.25,90.625,0
17/06,4.8,21.045833,87.916667,0
18/06,0.4,20.75,85.583333,0
19/06,2.2,22.0375,83.416667,0
20/06,0.0,20.25,92.166667,0
21/06,35.0,20.5,88.583333,0
22/06,2.2,21.304167,89.916667,0
23/06,8.2,20.6,97.291667,0
24/06,8.8,20.620833,83.333333,0
25/06,1.4,21.2125,87.75,0
26/06,7.8,21.833333,83.416667,0
27/06,0.0,21.241667,87.541667,0
28/06,0.2,21.479167,82.458333,0
29/06,0.0,20.808333,82.708333,0
30/06,0.4,21.616667,87.125,0
01/07,0.8,22.358333,86.416667,0
02/07,0.2,22.454167,80.666667,0
03/07,0.0,22.304167,80.25,0
04/07,0.0,22.616667,78.291667,0
05/07,0.0,22.4125,77.083333,0
06/07,0.0,21.379167,81.041667,0
07/07,4.8,21.25,84.625,0
08/07,0.0,21.383333,81.041667,0
09/07,2.0,22.354167,86.708333,0
10/07,8.0,20.379167,93.791667,0
11/07,6.8,20.929167,80.375,0
12/07,0.0,21.804167,76.833333,0
13/07,0.0,22.004167,78.583333,0
14/07,0.0,22.395833,77.541667,0
15/07,0.0,23.220833,74.958333,0
16/07,0.0,21.4125,77.458333,0
17/07,0.0,20.495833,88.416667,0
18/07,13.0,19.945833,90.166667,0
19/07,0.2,19.408333,91.875,0
20/07,3.4,20.7375,86.583333,0
21/07,3.4,21.641667,85.666667,0
22/07,4.6,21.441667,79.166667,0
23/07,0.0,20.766667,82.541667,0
24/07,2.4,20.0375,95.25,0
25/07,12.6,19.7125,78.916667,0
26/07,0.0,20.454167,86.0,0
27/07,11.8,20.295833,96.5,0
28/07,12.6,21.4,83.75,0
29/07,0.0,21.75,80.583333,0
30/07,0.6,20.533333,77.583333,0
31/07,0.0,20.45,82.333333,0
01/08,2.4,21.5,75.291667,0
02/08,0.0,21.758333,70.458333,0
03/08,0.0,20.866667,71.958333,0
04/08,0.0,20.708333,73.208333,0
05/08,0.0,19.833333,77.75,0
06/08,6.6,19.345833,87.166667,0
07/08,5.4,20.366667,84.291667,0
08/08,4.0,19.345833,90.666667,0
09/08,14.6,20.6125,86.416667,0
10/08,2.8,20.925,83.375,0
11/08,0.2,20.779167,83.791667,0
12/08,0.0,21.0625,85.458333,0
13/08,6.8,20.841667,90.625,0
14/08,17.4,21.0125,88.916667,0
15/08,1.8,21.808333,79.75,0
16/08,1.8,22.258333,82.541667,0
17/08,0.0,22.4125,81.208333,0
18/08,0.0,22.008333,80.791667,0
19/08,0.2,21.7,83.875,0
20/08,0.0,22.420833,80.541667,0
21/08,0.0,22.945833,78.083333,0
22/08,0.0,23.883333,69.5,0
23/08,0.0,22.495833,78.583333,0
24/08,0.2,23.570833,73.625,0
25/08,0.0,22.125,75.75,0
26/08,0.0,21.8125,69.375,0
27/08,0.0,20.525,70.25,0
28/08,0.0,22.3,70.958333,0
29/08,0.0,22.995833,69.083333,0
30/08,0.0,23.95,71.916667,0
31/08,0.0,23.0625,69.875,0
01/09,0.0,22.908333,73.958333,0
02/09,0.0,21.658333,76.625,0
03/09,3.2,21.433333,81.333333,0
04/09,1.4,21.716667,81.833333,0
05/09,11.2,21.45,85.125,0
06/09,1.4,21.083333,86.5,0
07/09,0.6,22.891667,78.75,0
08/09,2.8,23.1875,70.916667,0
09/09,1.2,21.416667,80.375,0
10/09,0.4,22.595833,78.083333,0
11/09,0.0,22.033333,68.458333,0
12/09,1.0,22.108333,71.291667,0
13/09,7.0,21.466667,84.125,0
14/09,4.8,21.3375,83.833333,0
15/09,1.0,22.741667,76.541667,0
16/09,1.8,21.833333,88.666667,0
17/09,4.6,22.275,78.291667,0
18/09,0.0,21.825,73.041667,0
19/09,0.0,22.979167,70.416667,0
20/09,0.0,23.770833,67.166667,0
21/09,0.0,24.920833,65.75,0
22/09,0.0,25.366667,69.541667,0
23/09,0.6,24.620833,74.833333,0
24/09,0.0,23.970833,70.75,0
25/09,0.0,24.679167,62.958333,0
26/09,0.0,24.6875,66.625,0
27/09,0.0,24.083333,66.875,0
28/09,0.0,23.979167,65.875,0
29/09,0.0,25.720833,63.625,0
30/09,0.0,25.345833,64.291667,0
01/10,0.0,25.508333,63.5,0
02/10,0.2,25.904167,61.833333,0
03/10,0.0,25.1,60.208333,0
04/10,0.0,25.204167,62.166667,0
05/10,0.0,25.166667,64.875,0
06/10,0.0,25.7125,61.958333,1
07/10,0.0,25.283333,62.083333,1
08/10,0.0,27.191667,51.916667,0
09/10,0.0,26.9375,56.708333,0
10/10,0.0,29.041667,54.25,0
11/10,0.0,27.5125,66.166667,0
12/10,88.8,24.0875,84.166667,0
13/10,0.0,25.041667,71.833333,0
14/10,0.0,25.370833,63.541667,0
15/10,0.0,24.725,67.291667,0
16/10,0.0,25.7375,64.083333,0
17/10,0.0,25.304167,65.833333,0
18/10,0.4,25.241667,71.958333,0
19/10,0.0,24.433333,78.416667,0
20/10,7.2,24.995833,77.333333,0
21/10,0.0,25.629167,64.875,0
22/10,0.0,25.3,68.5,0
23/10,0.8,24.720833,73.541667,0
24/10,0.0,25.333333,64.708333,0
25/10,0.8,25.858333,70.666667,0
26/10,3.2,24.066667,88.375,0
27/10,10.0,25.895833,77.958333,0
28/10,2.4,25.808333,80.291667,0
29/10,2.2,23.104167,94.708333,0
30/10,0.6,25.35,75.833333,0
31/10,0.4,25.6875,75.791667,0
01/11,22.0,23.4125,90.5,0
02/11,13.4,21.325,97.791667,0
03/11,52.8,21.716667,94.833333,0
04/11,32.8,20.679167,98.75,0
05/11,19.0,23.625,88.458333,0
06/11,45.4,23.1875,94.291667,0
07/11,4.6,25.125,79.458333,0
08/11,0.0,25.325,73.708333,0
09/11,0.0,25.004167,69.666667,0
10/11,0.0,24.058333,69.75,0
11/11,0.0,23.75,76.208333,0
12/11,0.0,24.445833,71.791667,0
13/11,0.0,24.254167,72.666667,0
14/11,0.0,25.479167,73.458333,0
15/11,0.0,25.929167,71.333333,0
16/11,0.0,25.616667,74.625,0
17/11,0.0,25.729167,76.583333,0
18/11,0.0,25.766667,79.125,0
19/11,24.0,23.954167,89.5,0
20/11,34.2,24.2375,88.333333,0
21/11,5.8,23.725,92.708333,0
22/11,28.8,22.85,94.0,0
23/11,0.4,24.554167,73.166667,0
24/11,0.0,23.654167,78.791667,0
25/11,2.0,21.991667,91.666667,0
26/11,6.8,22.275,88.75,0
27/11,1.6,23.033333,85.291667,0
28/11,6.2,22.158333,89.25,0
29/11,1.4,22.0625,88.5,0
30/11,9.0,23.1875,82.625,0
01/12,0.0,24.491667,75.833333,0
02/12,0.8,24.941667,76.125,0
03/12,0.0,24.579167,77.25,0
04/12,0.0,25.791667,77.125,0
05/12,1.4,24.95,81.583333,0
06/12,0.0,25.029167,75.0,0
07/12,0.0,24.404167,76.875,0
08/12,0.0,24.141667,77.458333,0
09/12,0.0,24.391667,75.416667,0
10/12,0.0,23.8625,77.541667,0
11/12,0.0,24.975,75.083333,0
12/12,0.0,25.375,65.791667,0
13/12,0.0,24.8,67.875,0
14/12,0.2,25.291667,66.041667,0
15/12,0.0,24.75,68.375,0
16/12,0.0,25.3,67.041667,0
17/12,0.0,25.358333,73.125,0
18/12,0.2,26.166667,69.041667,0
19/12,2.6,26.341667,73.333333,0
20/12,0.6,24.870833,79.208333,0
21/12,0.0,25.066667,77.041667,0
22/12,0.0,25.520833,69.25,0
23/12,0.0,25.670833,65.208333,0
24/12,0.0,24.7125,66.375,0
25/12,0.0,24.7375,63.916667,0
26/12,0.0,26.1875,64.333333,0
27/12,0.0,26.470833,60.041667,0
28/12,1.0,25.3875,68.25,0
29/12,0.0,25.183333,65.625,0
30/12,0.0,26.016667,58.333333,0
31/12,0.0,26.104167,61.75,0
